Role,Title,Text,Link,Image
Data Scientist,Data Scientist,Yahoo,https://www.linkedin.com/jobs/view/3161368897/?refId=d0fb5d6a-8257-47d1-9ded-cd7d91f6aba4,https://media-exp2.licdn.com/dms/image/C560BAQFdlmYU38kYTg/company-logo_100_100/0/1656688552470?e=1666224000&v=beta&t=WAEf3A55xk3fDcdx4ZOTNZjo71f6F3eDG5t07rKiU9k
Data Scientist,Data Scientist - Remote,Ford Motor Company,https://www.linkedin.com/jobs/view/3162882027/?refId=7f72fbe3-e26f-4be2-baa0-3e365c1284eb,https://media-exp2.licdn.com/dms/image/C560BAQHZnQf3t8fKKg/company-logo_100_100/0/1620306010588?e=1666224000&v=beta&t=44c4DK5b8SBaC-9CoJwFqKVkJktLhJ6j3CBbPhsfn70
Data Engineer,"Data Engineer, AWS Monetization",AWS,https://www.linkedin.com/jobs/view/3099823626/?refId=c1fb60d2-d40e-44a3-8881-28f97d92b644,https://media-exp2.licdn.com/dms/image/C560BAQE_4UwvNNtNTQ/company-logo_100_100/0/1640205885683?e=1666224000&v=beta&t=EnQQGhAh6sHFWKElvI_stI2GNl8Ju-GVkDT_FH9u6cM
Data Engineer,Data Engineer,PwC,https://www.linkedin.com/jobs/view/3133062377/?refId=69cae850-ea00-4283-b53b-e5e889d8d933,https://media-exp2.licdn.com/dms/image/C4E0BAQEmrKLpZBvpWQ/company-logo_100_100/0/1658233643318?e=1666224000&v=beta&t=sS8yVcBHbMRjs5pYXTgxsJ1sRAhTYZ4YQmQLLF7ZWmI
Business Analyst,Business Analyst - Strategy & Analytics,Toptal,https://www.linkedin.com/jobs/view/3117489880/?refId=db169228-f0d7-44f2-98b6-b3795cd5a1a0,https://media-exp2.licdn.com/dms/image/C560BAQEJlZg66jWL4w/company-logo_100_100/0/1580139518352?e=1666224000&v=beta&t=BjAFsP7seOyc3meKaoAFb2Da-WazRUwYDbal_DYNbks
Business Analyst,Business Analyst - Software Asset Management,Visa,https://www.linkedin.com/jobs/view/3172771949/?refId=d3e3955d-5ca6-495a-80e0-5b245f0d63b5,https://media-exp2.licdn.com/dms/image/C560BAQEP8_eM4zW8bw/company-logo_100_100/0/1626865473807?e=1666224000&v=beta&t=0gnDaUkydzVzzLEz4pF_Tj81ieCWzu8HmkERIFaecjs
Business Analyst,Business Analyst Associate - 2023,Capital One,https://www.capitalonecareers.com/job/mclean/business-analyst-associate-2023/31238/32476098944,https://media-exp1.licdn.com/dms/image/C560BAQF0OgQyRZ9yAA/company-logo_200_200/0/1635782717682?e=1668038400&v=beta&t=beU5pJP3MAwZ6xRJRL7oRPb6T0QmOkA7C37tzlQbbiM
Data Analyst,Data Analyst,Amway,https://www.linkedin.com/jobs/search/?currentJobId=2999969408&keywords=data%20analyst,https://media-exp1.licdn.com/dms/image/C560BAQHx_TF3P1nzvg/company-logo_200_200/0/1559915331796?e=1666828800&v=beta&t=jLeCS_VxeM7hbqGr16dteYmgul0NETYjRCAaAon4iQ4
Data Analyst,Data Analyst - FRS BI & Analytics,Target,https://www.linkedin.com/jobs/search/?currentJobId=3180016148&keywords=data%20analyst,https://media-exp1.licdn.com/dms/image/C4E0BAQGUjozudTh0yg/company-logo_200_200/0/1519856213195?e=1666828800&v=beta&t=O5HNYxmh4mY59Xv8ABzZNEuIO0dQHYoWS-QOLn4JjBw
Data Analyst,Marketing Data Analyst,Apple,https://www.linkedin.com/jobs/collections/recommended/?currentJobId=3145574432,https://media-exp1.licdn.com/dms/image/C560BAQHdAaarsO-eyA/company-logo_200_200/0/1595530301220?e=1666828800&v=beta&t=_ID82p1KML2WbryzNGch5jwpZDBfYHtdUSzaMVPKMhg
Business Intelligence Engineer,Business Intelligence Engineer,WeWork,https://www.linkedin.com/jobs/search/?currentJobId=3182466991&geoId=103644278&keywords=business%20intelligence%20engineer&location=United%20States,https://media-exp1.licdn.com/dms/image/C560BAQHTApqy2qK5HA/company-logo_200_200/0/1657056462686?e=1666828800&v=beta&t=SveMOnya1oHDeo-aD1x-TZGQnqCg6VWKHuBCAM8vjoA
Business Intelligence Engineer,Business Intelligence Data Engineer,JPMorgan Chase & Co.,https://www.linkedin.com/jobs/search/?currentJobId=3170381253&geoId=103644278&keywords=business%20intelligence%20engineer&location=United%20States,https://media-exp1.licdn.com/dms/image/C4E0BAQFN7ZGRjNcgeA/company-logo_200_200/0/1656681489088?e=1666828800&v=beta&t=c2IfMno2r4jl7knm49xsWV9oipd1mj0x6-eriJ9UbKo
Business Intelligence Engineer,Business Intelligence Engineer,Amazon,https://www.linkedin.com/jobs/view/3101475568/?alternateChannel=search&refId=eizFzRvwhjtelGZdinIKRw%3D%3D&trackingId=KnSX%2FMkY1lXj2%2FsITGorwA%3D%3D&trk=d_flagship3_search_srp_jobs&lipi=urn%3Ali%3Apage%3Ad_flagship3_search_srp_jobs%3BHXEeMUkuRy2DUuQysGPEfQ%3D%3D,https://media-exp1.licdn.com/dms/image/C560BAQHTvZwCx4p2Qg/company-logo_200_200/0/1612205615891?e=1666828800&v=beta&t=mcTUF3UzsjFHBVCX3t5e0IZryd0URd64btPogVf8ayc